25450,53070,68640,19090
25220,45480,39270,13900
49940,90460,23810
52150
99130,94390,57630,91820
94450,18030,97230,63220,91140
63990,19340,19170
65680,78510,3450,76240,60650,4340,39050
69780,96120,79880,11500,39120
46910,88440,3250
62350,69310
25700,46900,23070
51250,57170
55990,59750,13430
52550,1150,49100,96810,96770,93850
71180,86940
95800,75440,2550,73230,15290,30530
1190
61700
40720,46060
96020
31730,68670,63590,42310,3000,20120
73370,59290,160,46870,94030,20130,47260
86640,58850,14650,85250,62360
67300,26590,35410,33230,11870
6020,47560
42680
80700,97540,46370
39360
53660
9790,88090,46520
23680,12480
40030,83770
60330
22180,21960
62260,73250,70110
90240,18950
22970,36790,24840,45680
87800,52170,78270
61670,10290,21700,78750
90090,67990,49160,7070
94630
89190
7970,88120,69220,37290,80340,61830,68780,54410,2680,4680,24340
94980,280
62950
65040,66160,51270,92220,8380
35710,2580,55970,98360,70570
40680,35420
91640,56930,51360
24000
91040,78350
36080,15580,95920,65170,16960,7400,70420,16250,46400,38170,81350,26970,76320,73540
85740,73600
61850,9550,52020
83700,20670,13190,73070,1820
32970,97900,9820,44940,74980
10600,710,5380,10840,99960,15850,68860,46020,83930
3290,35440,78730,68630,17170
81230
98920,11890
84390,13580,76650,36440
38830,28430
6330,87110
45840
21710,71670,42520,97750
42210,68960,99530,22300,16670,93300
91650
98370
91090,8020,91950,42400,67260,60430,60170,69830,7670,320,2400,54370,22120,58160
92800
7390,91490,14860,70480,66320,91910,69450,26340,43450
28970,17770,60570,4660
6690,53040,70250,21820,73770,6380
7190,63550,43130,78200,620,6430,83910,9390
71880,45320,14490,26080
29250
81950,23170,54200
1220
73140,48770
39820,79300
61470,30400,71900,67210,47680,74580,73660,92530,9460,21030
94820,97430,92830
25990,37410,78570
24190
55600
98170,79540,61900
55880,20220,72290
12500,8630,49820
67370,1470,84500,90710
51330,83570,970,4610,84940,55390
92840,64390,44990,73500,4260
45690,96660,58050,33020,22700,91590,19930
61930,82810,87340,68850,26360,6150
38480,98240,51320,96560,57860
20760,69070
26840,73530,48900,31860
74130,95360
11340,11690,11110
42600
3950,53480
13790,15430
72160
93950,95160
84030
73640,53950,19040,87090,68730,44630,41800,62510
42360,13280,21640,60230
50070,25250,39780,54710,68460
23360,15490,27230
79230,54820,52640,17790,26630,73460,57990,18090,16240,80010,19010,35050
16010,36110,47460,18390,47410
24300
39430,92930,58920,29470,63780,24830,49010
75170,40200,60490
88580,98810,54210
67160,12990,52880,4760,30130
56960,97620,8550,32720,65200,62080,15590,7010
4350,3150,83650,23900,32140,3660,26390,72380
43300,69610,80670,39530,49650
97390,98570,99980
83260,29820,84970
48180,70980,91200
22000,46920,32510,52160,80810,42470
87490,59730,11020
19420,50230,2660,6240,15780,99440
87740,78960,67270
74450,17050
81660,30260,71590
68550
11950,82910,29850,21320,17760,99770,80430,6680,40070,96200,15090,18100
67690
66620,64620
48250
83810,35150,50220,72640
23700,13150,52930,9470,61420,3920,9660,17140
39680,250
81970,73170
82940
9680,67550,60590,67390,76400,42040,3970,3650,34320,11280
52810,94950,6610,37000
17000,77920
25320,58750,13310,12540,6210
9700,73030,80890,25710,25640,71230,92150,30090,14800,59850,80420,18440,58080
80350
54440,84010
62970
92820,9800,52430,89250,26580,95390,43490,73310
68290,53350,22400
89900
12390,84860,86060,28980,57260
33540,99940
90100,44410,71740
64450,33200,46650
14690,82750,39560,60610
94680,85950,56380
76800,95550,56850,93240,30810,55930,72100,11850,74790,3370,89710,44120
5620
35670,11460
73670,70300,70180,3380,30110,24770,75940,82130,52070,41260,55030,23540,61120,22540,93680,19640,38850,85770
32060,21740,88270,42340,54690,99300,6310
70430,76680,78000,83110
85180,7790,64130,93370,83390,47900,71160,29370
38080,80900,79690,28170,44080
26100,43110,42370,55670
40620,19120,21190
65250,37610,1870,18280,52610,14440,34340,84350,90020,12180,59530,93200,35690
22650,41740,43750,81400,95700
82150,45860,87410
5090
5330,35200,9240,99450,84210
67250,2130,94380,6740
16830
82520,20930
85580,25930
28200
70760,31760,78440
65180
10400,76060
88700,25570,78450,48290,44760,66100,79000,95880,3900,94890
27730,78760,42900,47380,81830,37400,53710
2750,19230,76880
99870,61920,75990,35910,19650,40810,55460
420,4910
89570,30710
12230
35330,42850,22800,8210,96920,29430,68760,91740
90180,75770,3220
81490,81150,35860,14080,85290
49260,44820,53100,80390,95750
59930,740
80220,22890,73800
97930,71520,92190,66330,16110
23150,47940,91520,21140,96750
28400
71140,31460,72930,3080,97250,24960,29610,16950,99990,74010,90770,9440,75330,72370,88470,74920,97450,91900
97880,68240
84610
95850,82620,43610,79020
63170,66820,66730,68350,66650,42540
70740,73850,49050,96320,33350,34400
2800,9040,51470
11160,34350,16130,74400,36520,16260
7770
13630,62100,21280,79040,45160,47210
4710
33390,8300,30410,26110
7730,70750
52540,15730,94690,25120
3780,60850
10480
20350,31990,24200,96250
83970
56000,60160,82880,93320,96620
14120,60910,41040,21780,84020
63790,72090,24930,36630
22670,98010
89520,60370,90830,840,31000,50780,72520
44600,66590,57270,32080,93450,72660,54810
30170,46390,96160,21410
31690,99650,53440,43990,60980,95720,15720,11780,90400,69840
36310,47760,30160,35140
95780,12760
26250,19250,62850,10670,45180,2110,10660
42730,90500,21860,39060,77680,31210,60510,69120,88630,39630,4090,45030
86930,85500,63440
99900,23850
23260,26240,30070,77720,51690
35210,58000,92330
43420,95600,83250
66570,82960,85110,13970,36930,20920,82400,92940,71930,64800
37540,49470
37620,31480,86910,23890,17500,55680,68680,82070,65440,83710,81670
42430,23930,94050,63430
75060,79120
96440
54650,12550,61460,44640,47920
38140,91350,7960,45570,75910
28100
9970,12090,35570,35780,80000,53530,53190,55050,83330,72550,58820,12670,95760,74370,42220,3850,71620,30860,38720,36100,82670,87430
7120,19450,59160,25470
21610,68890,35660,7340,40780
26480
86230,92740
19710,92360,48800,55910,89620,64340,670
42080,61270,97240
73400,98020,35260,53900,17090
40830,40320
63240,170,30600
98870,67640,51510
80320,11310,1340,12920,76920
56790
5550,65590,90800,27010,69700,78820,47670,66790
48410
47240,89040
65830,14220,63150
80750,40270,98940,41360
56020,47190,40930
53690,20650,38510,89310
53620,20460
35100,96940,98470
14700
69580
35340,20690,59780,75930,41520
9170,20030,11720
57580,39320
25830
44960
83010,32500,69400
88420,19670,45520,64960
9160,810,39170,81310,55650,86440,93420,73780,29910
71850
64790
91550,60480,31490,74570
87200,66660
79010
56060,60950,90570,64780
23610,31750
98640
11670,25490
3130,54040,34130,25070,45590
38040,12430,95950,72360,5170,16980,35290
45360,90990,58140,52480
98150
72110,89540,64070
5780
37490,55110,22150
58510,28690,73150,55190
10140,95190,92710,53570,47320
43820,86650,89810
17840
57220,37240,9830,41020
72570,21840,41980,16520,98660
94180
94410,35950,73810,35830,99060
41860
37940,64910,45120,75260,36670,71410,81340,48920,54740,340,24420,95310,91050,77770
42740
98210,81260,38240
86880
7110
19900,27530,67580,77640
53160,90950,8440,39400,46440,12840,82930,19570,28710,88510
96890,11660,32000,70540,57840,96140,15470
86130
1780
99820,21430,62480,96040,54760,17550,98750,15750
58800
8820,7470
46220,22470
27210,50880,48720,70050,5130,44800,29350,64470,10150,23080,98880,18340,88300,54960,1500,23400,9640,15360,21260
74160
93160,66830,4590,60690,57790,36570,33400
81500,99080,88260,35620,5460,75390
36140,17870,4370
56460,190,20910,52420,1240,2310,35000
60640
36530,19610,83450,17720,42780
61220
51830,71860,39030,5710
7660,47750,46000
26000,390,80780,41890,65100
62980,82990,80770
43660
91510,7870,1690
46480,43250,83200,900
94500
12750,27320,1180,34790,90470,8220,70520,27560,1420,38500,96350,62740,30940,78380,6920,20410
46790,67680,44700,51640,43900,27750
17910,27380,52260
67440,99150,23120,55980,57430,1270
35230,21750,36180,2860
82100,43710,40790,29870,67240
40130,50770,58490,98090,95730
72050
5190,99090,85830,46690,4700,28220,13210
50040,18290
32460,40760,93230,42750
49970,45190,74550
41050,4150
57660,77050,94510,36470
78310,6790,72540
88450
54780,28830,20840,52380
59680,51030,78080,76850,62170,97890
45260,33610,93340,70860,9510,42300,25690,93020,89130,77850
41150,74870,85020,50020,53960,76040,32680
75070,99250
60350
6350,63270,14480,31520,16690
32880,10850
69710,69320,65460
94060
82740
67170,37270,57710,49610,35550,20950,64890,44470
21900
16870
83530
71960,14280,40750,37180
10240,37780,95580,87080,92290,41510,46820,42030,36200,73200,18380,77190,41200,35590,13130,31060,59600,36230,31960,20050,44920,77970,39310,9750,90390,13950,35930,67350,56510,75220
58500,52690,77020,62370
40940,3840,93650
55410,87850,56750,40690,6890,34440,20420,25500,86920,83880,91860,71120,77760,65550
80
20390,82640
11140,57010,13920,11710,50670
1960,56810,14840
39550,44210
35850,46960,63130
50690
46580
15330
62060,56740,77030,71730,3140,4570,90320,98980
7500
59000
61790
89930,12040
59670,73480
52010,64250,85440,81460,59320,5820,71390,91400,93490,18930,51560
81320,690,44290,11790,38950
34500,47030,85780,60050,7900,42060,22050,40300,3720
94600,34810,94120,53090,96460
45350,67340,52660,78420
32550
91470,90600,6860,38690,77220,31320,88950,35820,97130,50480,22210,63600,71240
40240,70120,70060,47820,46320,64770,29690,90610,49350,60820
79440,73340,47990,90380,19210
5300
22980
8740,62420,76610,14070,71540
24500,93410
32700
29010,2160,64900
25650
95470,78410
87150
87030
32190
92980,87970,71720,72000,70200,18690,75750,15310,60560,770,17640
51940,39950,28030
34190,90030,27590,36750,96670,46950,47060,70560,36560,42240
87820,84870
35680,93030,93600,14450,71680
84510
43970,13380,91480,33530,29890,75040
92630,96470,71420,52280,88540,89820
98550
66930
42610,97680,53930,43090,52460
72800,17030
57210,36770
33180,70700,60460,17270,88890,66630,37150,75980,45330,44790,31720,49980
87350
89450,44150,43070,28110
93100
12570,58870
56630,94660,61180,84100,69200,27650,22160
34220,49960,50800,51350,51230
42990
54230,99790
87610
59410
99010,76790
42980,79840,95410,26700,13490,84980,8710,17700
57510,71040,58960,66270
38970,18040,45450,48030,18790,68810,53460,66560,10370,70330,15380,87620,59090,22810,64150,27810,66750,6600,38660,7570,10110
80760,42260,1160,71340,17980,90480,86960,33110,22460
46360,56840,64220
38940,85940,81170,12380,83920,65410,83490,14050,52670,80510,56800,70470,61230,75400,18270,4410
73420,72020,80020,42230,40730,45200
18800,47510
70140,24590
64500,85620,38900,8980
10950,36220,30550,51390
700,92010
14520,97350
3300,41640,96800,45800,48980,24060,21420
57610,70820,1860,29720,10490,12340
88570,31330
89350,59840
12130,85400,60860
80980
57280,53370
93120,63450,3500,12310,99390,55790,50250
67810
51240,90960
44450,55580,12970,94330,13080,10170,43520
93920,43210,49110,77890,20890,58530
35610
28630,29700,94370,73750,29650,55960,82000
4810
9120
33790
24610,55330,41810,75510,9690,95490
83100
8130
45080,66110,36490,75560,89460,51490,24640,9360,58150,45270,10,25790,67310,38400
62770
47840,62270,3200,72860,66040
39700,61550,46980,71030,30670,19110
81750,7750,40170,13620
23490,24970,11770
68010,99260,35490,30780,60380,640,93430
15520,16920,83520,49030
12720,58790,41650,79660,6250,41240
51810,36460,70680,22880,51170,29260,3090,36210,50750
35020,8760,60410,8320,79610,72060,31770,31930,19700,71560,13890,54240,19560
92440,77600,7090,8430,69730
33410,94240,53110,49690,10120,36850
76520,14810
89990,27740
2290,98450,62930,65770,98690,20900,37990
90510
72680,8470
21530,69990
82320,81390,53580,53610,86160,97840,52040,86010,58680
38910,19920,46810,20490,28670,9370,4920,15140,6840,26990,77840,14040,71700,28060,4580,49180,30690,96450
87240
62460
28580,64830,1290,23590,65560
95570,57820,68650,46700,30980
3210
66380,37070,6390
85220
53390,72830
91890,44430,72990,9200,5050,40420,94640,21390,85200,29530,83470
49330,90040,80530,69000,40040,64850
21160,48390,240,63360,47770,22780
77500,78220,73490,77520
68620,7520,38600,30640
8660
26030,67730,15670
94220,27170,36290
7850,93690
28230,21240,22220,6870,78890
4470,56010,7310,62280
5860,67180
26190
98130
90120
4880,26130,77080,1070,16640
26980
8840
56690,660
86140
69160,36740
84420,27420,50170,68770,43640,55920,24310
65660,230,78030
84460,21600
59560
85380,14630,53970
49300
43060,78430,34880,1170,55760,97080,25900
62700,30570,80410,66610,24910,24950,13410,56180,95790,1040
3910,49540,66170
11980
5220,88980,46120
85230
45170,99190,84600,26800,57120,71110,87010,88060
89740,29510,54100,97640,76090,18470,69090
72710
68910,14960
92350,97110,83800,25260,66500,54320,56040,52840,95980,54860,47790
55550,87950,49190,980,2480,54510,17020,46680,44050,9020,5700,87300
58840,23030,55900,76110,25510,68980
63330,83480,94430,52060,61360
58060,8400,51790,64330,95120
26330,69370,93290,51720,18350,79990,66740
49230,84000
60180
2300,92080,59470,17960,70710
81410,66300,10430,92560,490
23580,52800,20290,18960,30350,88910,58240,98720
8540,47600
14580
20620
20480,89650,59610,55690,15920,40180,79960,960
63910,84080
24540,33310
80130,70220
43280,90080
79450
16600,63100,76500
77280,32670
7990,21130,49770
57070
38000,20180,38530
85350,94750,36940,14780,97560
10780,90110
12680,81480,79940,45400,41580,73550,51850,27440,33520,19540,67100
37850,67490,9080,77570,42920
67520,66870,21500,41410
16050,72840,66150,38670,59450,39300,27880,51800,76770
12820,43670,5880,44180,12300
20330,85210,64060
24170
60670,20300,99070,53420
47250,92340,69110,2880
99950,27470,61020,71000,1570
44110
35630,26430,10270,60810,28600
41350,21660,11840,51700,34640
81840,15610,93480,86400
29990
99520,39240,2070,460,46770,35800,71570,15420,76450,65700,69510
8730,22860,70870,64440,52790
87540,71990,39800,26870,15620,22950,23060,52560,30040,40190,93750
43600,77370,31900,11320,70150
77660,34090,9070,22740
95420,85050,42000,82720,72300,36590,5230,82420,36650,55370,60520,12660,46530,78530
430,71840,97410,79630,79720,89100,51980
17180,130,74200,35840
7760,60280,39650,30320
53260,4070,77780
35070
41320,67090,82170,92580,34570,28530,86170,22990,7780,51380,92880,71170,57920,59400,13010,13650
70410,85070,43850,38160,38870,51280,25020,89160,66140,16810,93130,1490
53130,52860,69550,75450,71010,89290
94960,65740,74410,24620
43550
7080,52390,19830,27820,47640
6070,37950,9150,82850,68490,68970,25840,61210,37960,63650,52330,3550,29490
69970,55640,66720
66070
60880,88220,85150,58560,92490,60790
76730,58720,60260,63020,12270
45930
58410,53680
64360
65030
25880,98140,820,72770,65130,81720
20970
29980
96850
34010,59640,45600
90650,22360,91290,58190,96840,58430,14470
21990,4770
84570
50820,64270,85690,48570
24760,32730,28120,22110
83790,90590,50840,98630,65540,63380,80360,63620,45700,5800
7810,24750,14570,96640
93380,87140
12910,44550,75050,26420,99850
62840
26950,50150,36800,32660,6650
800,31390,12210,76630
79820,57730,15160,3540
68160,43560,35700,36830,3480
13910,28310
51630,65910
35480,3310
45280
70880,18720,10030,38810,56430,3940,25870
1080,720,81710,55740,3960,23520,31570
32030,78920,80370
20,64700,97780,17290,53730,54920,36380
34720
46380
48120
76510,63110
77200,76480,37260,14970
73570,16740,12950,34660,18410,94170
94480,62760
90270
87360,55710,94700
72870,25920
82470,35600
33320,23390,6980
63080,36260
51920,40850,13880,830,14550,63260,5100,72210,43270
70160,99880,34560,2440,21540,37190
60600,47660,89670,83870,58170,50090,13480
59210,13690,90350
86750
40100
56570
24580,67130
15930
37660,60870
54700
75540,31120,79490,65720
74990,76080,22570,57570,52530,90540,89480
15150,66420,24520,43580,12860,95270
31810,33190,40530
41460,84840,57540
67330,53850
60080
14010
88180,76270,15660,21800,30450,74320,82410,37390,30460,44000,4840
56250,84630,27710,53800,17130,93800,47020,61250,72030
48050,45870,34760,2950,80070
23350,97320,44030
28090
28860,5530,38460,40900
47590,64870,29730,62150,31110
98520,50400,86850,69820,18640,78880
26300,71550,9720,60470
23820
29790,28910,27770,39930,72070,5140,41270,63960
8910,53330
88900
1510,78870
98610,84720,28700
88880,79800,91530,41000
99720,30580,58420,8040,33290,87460
19940,24680,68110,81220,80970,90620
73000,29360,44710,79430,75650,36340,23270
77090,5830,30470
86800,93930,83070,2770
83150,71600,85960,20070,75350,83350
71150,70090,95280
52520,19000
2960,33710,32370,33740,55620,90870,33770,2920
44040,43460
42410,49420,88230
16060,57800,9010
92990,84590,34100,26670
22790,1280,2100,90290,62090
59140,57400,5900,10520,89560,73610
82970
2690,45490,23200
42180
41630,33690
48880
46030,38330
31080,42530,82340
5730,730,83220,47580,8510,30730,93470
18570,82140
62630
27120
56730,38110,47910,59250
88430,32120,36780,99160,48400
70550
98960,13660
3030
87280,27690
15680,84040,37280
5060
35940,73190
25520
56470,24730,21770,9430
30140,54290,31240,84140
37300,4320,52190,50990,60750,5030,60120,11590
94620,25960
77460,55220,2140,70990,43590,19800,51710,19030,45420,73590
96000,53670,69080
95680,92070,39690,52240,40970,92640,58450,41390,15030,3980,85480,80580,210
41090,80610,64320
39520,29170,68150,26790,77860,56200,46490,69130
79260,13350,88680,46760
70810
12700
44560,59390,91080,99240,54580,23870,71970,81860,66860,49920,1230,24070
30280,48620,79110,20010
50590,91430,24650,72080,33970
6830,40660
73820,92770
61970,73180
97380,53600,88190,3700
43530,57140,72850
2500,6780,42960
39660,11560
27400,15540,83740,21250,8890,79410,65580,40450,79190
11440,87900,56130,10730
14540,83850,2280,90850,50790,58480,14980,13400,97040,84770
55510
63400,64300
10570,11400,53250,71790,27660,3270,93740
4530,44840,31530
35530,20190,1400,60300
61380
58690
76600,98780
59240
12150,34140
95260
50490,31840,87380
35370,84300,11190,68220,93940,2730,52600,84320,13740,13590,96910,52080,94830,14880,16300,3790,68600,58570,53810,16450,62940,64140,43830,77470,4510
45060,36690,65370
99510
4040,6410,1020
38020
87230,20430,79400,14260,22170,84780
75360,35300
65380,78800
11680,6230,19980
11300,75720,23980
30060,78480,69680,80170
34480,15800,86370,72480
82080,42620
64740,85000,94290
20720
78700
55570,75000,62440
67220,70780,46970
8280,73050,41700,86720,17940,4250,98350,23430,96090,16290,70400
93520,41080,26310,45560,49930,4790,84580,50000
70950
34970,98670,52360,26860,23240,55730,7360
67960,22480
45630,28500,89800
69520,77550,65750,98530
34730,20680,28470,96270,99680,28940
33570
95200,29130
19280
62160,41850,76670,99370,51660,78260,30440,92140
11650,16360,16400,54010,53320,17510
26560,46310,71820,53830,75730,34590,22910,8370
38260
5540
3810
29750,27550,43000,99920,24630,38880,81470
70170,6060,62720,75310,65860
57890
46460,75210,96950,59710,37640,64310,26740
63520
43690,7240,69960
34630,98910,35460,15120,77810,17300,48990,42480,38760
24120,58970
4480
58290,61840
43510,17280,21020,17680,71260,78670,20700
63070,76470
20780
28840,57720
36050,52090,50460,75820,3880
37010,55850,63580
98420,45990
80920
1100,19970
5630,12870,21940
49670
77820
9780,87420,52270,60450
1430,10690,14760,75590
43170,72970,60390,13610,27580,33070,13340,4400,15760,3820,18510
3590,17150,94490,35110,84710,38420,61050,86950,96930,9110
74310,28960,11120,46880,35360,4390,13250,75900,98740
93700,79530,16310
12890,86000,44400,10820,31590,22930,34510,26510
61090,13540,62660
65280,27040,38180,61950,32040,14360
8050
24250,14680,31020,27630,58070,39910,88390,7230,64820,54540,9840,61280
37930,56600,32290,89070,43240,87100
15010
23140,6180,75600,93090
98110
27390,56830,59330,64590,16170,84340,73450
94320,92020,71510,5320,73090
94930,27250,78400,50530,79030,37630,28900,73620
82350,64640
37340
95380,17540,6520,84130,15830,77390,96080,61490,46800
68480
62020,10200,97180,66010,41970,35540
99140,74520,32710
25050,70590,40980
5950
30240,82480,65480,3100,17380,21890,67380,49600
69350,83270,34840,15240,20860,65150,61070
55770,65730,78040,52000
91370,45390,45640,81810,32280,15000,20160,43620,29450,1000
94810,15060,94940,84830,350,28370,46660,71130,33490,43040,37900,57030,59050,97910
82200,97300,47720,83280
68790,93400,50180,5410,47080,71020
81450
44570,83440,94090,97770
80400,7630
24270,19840,23190,64570
71480
76010,89050,56900,4850,99860,86590
85980
71190,76590,26490,45340,3330
75100
36320,79810
25480,85820,72590,35920,79970
11900,39140,34800
41780,1110,97950,86570,20000,8010
99630,43810,57810,69590,40000,76430
28850,98540,78160,48610
57200,44610
20280,15560,58780,11530,62810
64370,54180,6040,36660,74300,61160
540,89660,79140,23720,15950,97940,64170,51760,90680,48640,54430
50930,72040,81120
66460
31090,82530,11570
95620
1680,92310,17830,94720,56720,72280,64650,24980,41160,5210,53550,78500,16330,66780,26500
58890
40470,72820
80150,46450
97140
60310,93890,78110
99620,22200,65010,97400,66980
5640,80630
96760,28070
22190,74620,76460
24260,40540,85930,62670,43310,14030,69010,25460,8900,56640,89360
17820,48270
86480,84620,12740,38030,86690,76690
92510,88590
6710
28560,13710
36030
64560,89200,70960,40020,49870,37600,56540
63970,97460,69560
40390,6530,70510,2240,1740,23380
37130,98620,67450,90370,67660,79750
37040,89590,61030
54390
32260
21970,57020,32200,20610
260,40160,77730,7800
50310,28680,70240,78930
13100,90310,9890
26370,5150,83980
70850
49510,30840,51770,29120,290,42290,78900,3760,31470,82010,91830,87180,75700,4690,96630,64290,98040,62780
81060
39920,92390,53880
82030,89600,24320,67040,10500,5990,16650
85910,65500,68700,96590,80310
70,92960
21340,56110
68590,49080,69150,78550,10880,17890,93880,29740,90490,28570,82790,47860,29950,94760,71940,8530,56550
14610,71380,96290,74290,82430,95670
31820
25280,7450
69790,13120,15080,29390,3350,22340,15220
61530,1560
81870,92720,61240,49410,50610,63410,13600,92320,34270,45470,14900,36510
44190,76100,34960,51820,63540
27780,24350,84540
14370
47650,74190,70040,96480,74330
4140,1710,58900
29280,37460
24010
60200,51140,37530,38200,61680,2910,54620,52200,54080,28650,5040
30050,48240,1940
6370,59110,63680,92380
25350,52310,65820
41170,40870,33030,80520
81080,96220
70080,21950,97050,87170,4230
6120,63700,56590,530,22940,10010,68250
80120,74260,7350,23510,10740,13160,54060
48850,45210,96730,51670
97520,51950,26890,97600,70580,92280,6100,33510,52110,99490,39750,84530,56520,29190
12610,95900
38370,93620,41750,27430,41540,23570
61060,76190,42700,77290
520,21230,67320,59790,63090,68710
3710,90580,80500,4420,13960,69190,92950,70930
32840
2530,18670,79130,44620
99910,60400,36070,56760,98340,92230,17040,35400
35060,66490,23330,72320,4500
48040
10390
89730
25230,19530
63770,66890,66530,36010,10590,95320,59500,92690,10800,88460,56940,96050,90890,43980,38440,10020
98950
99750
97660
51040
34580
63750,2190
36370
29830,97960,83840,50210,15810
62180
55560
54310,42250,6010,58470,37800,6450,57180,43050,87600,78010,4110,12510,19680,6620,17310,9130,37870,83890
9930,29970,11970,79640
68930,69670,77240,88350,31370
63320,91320
77210,42140,47690,99360,14250,77650
79870,42760
2520
31630,63980,48200,70340,55120,25170
75370,72530,66840,24860
32410,54350
66510,87510,85970,39370,64380,5020
87730,28210,91120
9770,18130
7410,57970,84990,94670
65300,87530,21310,90790,43950
12400,4430,74930,67980
41880,10440,10790,23910,91880,61960,46040,37980,21790
23750,63660,75290,35380
37420,41250
62310,13930,48910
45010,44950,78560,36700,65710
34110
59080,67790,87570,99580,47160,27490,54850
71370,20660,83690,52220,43010,37200,39940,87770,88310,69360,61390,53500
33170,15340,59070
22510,52290
49480,98930,78620,82060,24570,17660,2170,77040,99800,570,51050,53470,26660,56610,16750
3860,14940,25600
98440,26570
20520,2330
62690,73040,76310,66940,67650,9920
1850,56480,98330,38780,19620,12160,35430
37680
1410
43630,75300,39540,95100
41180,34700
71980
92120,57830,8850,67480,75740,83170,6190,36120,26070,13990,62900,2710,82540
97830
70530
59340
11240
83130
64690
49700,6820
370
51990,25290,72450
22100
91500,59910,910,82270
2540,40220,14400,85550
38190,42810,19150,72690,74630,10130
5970,52470
85260,24280,27090,58130,1830
70010
30420,40550
87810,29710,87580,17160,96860,64110
82020,70380,72510,34750,20730,70100
91360,10050,50080,60240,34410,40460
67870
84910,61610,21920
55360,64510,49240,85420,30610,11990,54450,44340,88030,26210,38820,20340,11350
36130,80160,17360,42050,83320,84050,51570
95770
71500,83080,72010
69250
23760,43440,97810,95250,70830,28640,67800,70460,30870
46350,24470,42770
19070
73680,73300,77620,14240,94780,36190,30830
85040
60040,52870,36610,28810,87910,61370,82800,75150,8830,26650,5110
85160,48380,12220,30620
58360
87060
62530,14090,99540,33280,36990,83370
74240
2590,90250,93710
47040,33810
23000,23690,3410
98460
72910,90780,65840,44650
39180
89870,37320
6460,40480,82330,18910,50160,74640,44060,26720,55200
80830,36170
71070,38890,19390,17900,99420
3240,23460,17650
39890
5350
38070
19500
13460,37310,95560,88130,78780,65620,27080
30720,5770
27970,51260,76870,52300
10640,53870,42390
33580,74820
48100,28520
18780
61310,38740
75380,65900,78690,69430,82770,89080
84360
74390,58650
47430,50350
31580,58390,3990
13750,14100,81780,1050
91680,38540,79320,7830,50900,43430
97710,56190,15910,30370,64200,850
74660
28440,88370
39760,86110,97020,53290,75870,30700,9620,85310
92760
64030,32690
76150,10960,1140
30950
65160
38700,2610,23370,12620
99890,50500
82630
22900
88410,59180
55350
65870
91240
92970
36360
16000
33620,80880,96710
20240,38220,13200,64860,44240,48440,25440,48430,67070,51520,14530,52120,27610,33890,64760,7060,28010
49720,94400,60660
18150,65050,31550,45530,7920,7930,78950,61750,47120
99660
42190,1030,55470,29760,25240,7950
98590,92090
49120,96540
22230
40880,31850,57110,90430
98280,9900
99610,69180,30680
88690,63310,11960,14500,19730,17580,26770
91920,29230,99270,31070
68280,27930
16770,90900
80200,44880,88810,62600,10870,87260,4930,6080,11100
25370
41670,70610,30,71360,19220,4550
50630,42710,63300,17930
25630,76290
89380,34940,29000
86520,67050
73650,5450,14200
45090,45730
10580,59830,89700,88010
27300,63370,91390
37480
27190,34430,23010
90230,72120,58580,60250
15630,41480,48490
56140,89970,19990,49070,25670,96650,33560,53760
63640
76720,97370,54250,50030,7690
58660,90660,56910,76750,77000,3020
59430
21180
14460,68880,42270,48760
76440,83670,76970,45140,310,89060,49140,6090,46270,64230
10560,63290,3600
68580,63460,77310,23940,40260,95240,18770
93730,39990
43020,81690,69870,29030,2820,79070,79160,88750,56230,34690,40150
16210
34360
86020,81240,74430
85270,56870,82590,4270,6320
58940,41430,16890
93610,84270,94550,47150,8330
39960,7320,96330,46730,12060
55750
1970,11750
57160,24220,97440,20800,46740,40440,31800
92100,28380,68520,82390
59200,32210
51460,56770
45110
49000
4720,64840,6500,51220,85060
18500,18210,4450,83090,29060
13370,84290
47420,94130,81530
94140,33130,4200,72810
70450,86450
99600,86460,95290,27180
17260,55780,37380,80620,73960,38790,16860,61980,87390,32110,12590,71050
56270,87830
50680,46100,50060,41450,87590
8520,67230,86580
48630
90440,88770,50440,4160,24050,61130
75800,44730,65020,88490,26140,67600
37770,87960,36640,59870,80450,1730,7550,65450
47540,85530,96510
23640
25150,48890
12650,18830,84890
45020,86710,82760,90450
94340,29080,70350,54770,18920
74770,30910,20080,5890,62330,28720,49150,66200,61000,4080,12070
13060
93980
92210,39490,89950,84750
32640,44740,3260
69260
93870,29300,74730
71810,59060
27340,12880
82780,61260,19890
76710,69630
12320,14150
60020
11210,94730,43700
24810,12490
29040,53860,79470,41940,43880,9500
45900,15210
46200,59720,48820
51840,57340
49840,81850,86550,75670,4750,84680,81130,62470,16930,10250
88620,34470,7020,86790,79680,73910
72580
82360,1330,58380,33590,29200
72260,93830
96690,50190,28160,65120,66480,3750
4860,21100,37350,87640,2360,71280,12460,3830,40700,52760,46290,79380,15350,98890
96720,24130,93780,25310
78250
81640,3110,87470,98600,21000,550,57850,22270,70320
19690,54030,75460
26520
69770,23920,95140,22070,98760,91020,84240
56030,13510
16030,39110,65140,60700,26010,77360,73970,13390
81160
95540
2090,61110,47390,30190,68050
87480,10220,22840
83000,890
27850
35080,72410,79600,15020
65630,95840,33990
9420,58440,4210,94230,43910,82250
9300,85330,50620,21630,99120
32630
70070
64670,14210,62590,54990
88340
96490
93050,88400,16970,63710,28990,62200,38300,83290,44310,21870,27370,75790,14000,72740,91220,78330,20140,11130
11550,91250
44780,27450,48480
26600,94590,22600,66310,39070,58710
81790
5520
1060,14820,31050,63510
81180,1130
34330,1840,2270
51430,10000,82870,67970,73220,43030
44540,44350,34160
68030
18750
17800,51610
41500
18000,32580,44380,11410
83190,86190,86890,48080,26540,14330
88780,28020,68200,86100
69500,5980,24990,30590
78640,74460,71220,11810,93640,54480,7170,53560,52620,9090,17420,66810
8260
47530,58620,6280
57670,25190,57770
28920
71100,79900,89610,2260,16560,31660,27600,500
99020
75180,45950
23310,4820,68690,69290
47620
16280,66250,91560,58040
32930,100,30880,26640,14060,66670
38570
95970,43390,52250,38340,3460,84410,92430,14190,96410
35450,12960,49170,6660
22240
93860,1300,19140,59510
18230,29500,26400,51400
85280,68390,23020,73160,59490
16200
71200,74960,2760
59230,47400,76360,87700,35030,7820,11050
30200
79310,14990
37750
35010,75530,91110,98830,34710
86210,74070
82490,30220,26170,77540,14830,20850
76890,87020,86340,88240,16120,65760,85240,18420,92910
34540,12800,62750,68360,24030
73790,10930,98320,93760,9380,19520,27150,96870,50380,44280,88740,2930,21520,23600,27830,69340
95040,25820,42640,39450,33600,25210,94100,42910
86300,97860,59310,90910
21480,21270
74490,1310,41770
86380,93580
64480,52920,9950,84400,37160,72140,38380,87070
6300,24230,43940,54090
74700,8880,36090,60010,9280,56860,46410,38730,59440
25270,38590,99830
90970,45130
940,51500
3870,30340
86820,69020,76030,22680,32990,53720
52770
95180,74420
68800,11480,27000,59520,49360,55210,43960,73330,96780,78720,48710,95370,34910,33630,48220,4020,56780
22250,36480,75760,20510,26440,99400,25400
24790,77490,72780
39020,33260,16780,81980,88140,92790
36250
70620,51780,11200,42110
33800
62300,34860,11270
33060
37570,58930,77800,90160,51550,55400,50510,4460,5390
60090,55610
70910
4630,12940,55130,19630,79200,37100,34380
19600,86470,98030
11370,76860,74910,1900,98200,64730,39970,91060,98230,68210
66710,49250,43480
51600,7680,62070
44460,42070,80930,52830,19850,63810
61570,48110,17780,56420,97690
33380,70130
81030,38350,41280,56170,18250,30290
65350
24100,76820,80940,20770,36860,1800
86350,40910,43320,22820
91310,44130,50570,78150,29330,61480,14710,7590,62320,84230
17560,66920
60720
62580
26530
16510
18560
89220,98500
67590
43890,58120,32310,61710,53590
46590,53030,90880,7210,27700,86540
71760,92170,54500
6000,61320,48330,24450,26090
62790,64210,39220,39880,95860,56560
80090,36840,35090,73270
17320,49130,56340
82300,41010,40090,17670,27990,35870
92450,42790,72940,86700
47570,65430,59270,41570,86660,83640
93900,52570
91990,58520
85610,84380,31920,81250,61520,32170
30300,39280,54330
2430,38310,44770
1630,1770,76330,96150,86040
2650
13830,55000,76760,3640,33680,50710,11600,81570
3120
55080,75240,95590,28190
72350,40800,29960
23040,22960
60190,57690,52990,99840,91450,40290,34600,38320,53430,57980
23180,8970
8650,83230,52950,1010,13520,11860,65360,94080,57940,53490
48530,9520,1520,57700,62400,77630
49640,5670,97530,40520,11070,83760,33140,27310,6140,40490,91960,85680,40110,67890,76990,2450
38450,49550,55380,39100,5580
82550,56950
92060,11250
74380
22870,34240,58550
44090,9590,77400,89390,50420
91010
1370,71530
16470,41220,36160
67020,56070
11940,15130,71490,68300,60320
7290,8620,7700,30740,66220,50970,58260,66910
48160
20880
96600,66960,59620,15890
85710,8960
10680,48930
61150,33860,68740,3620,27100,98300,31450,80460,75470
73840,70690,7270,95450
45750,53060,74840,86220,42150,60900,62390,92650,46300,37470,16160,13760,73080,8080,11080
68270,87710,66900,69690,10160,39380,11510,36900
19480
84650,29640,63940,12690,78540,27570,32100,92730
52630
33460,51000,47050,53120,99670,38680
2980,2830
64080,74170
62990
86990,40710,92900,81630,53230,24150
18400,180,28150,38490,80330,9330,83750,82660,71290,94420,93360,87370
74470,3190
52410,67200,94110
33750,40650,60150,9760,41440
57290,99760,68540,18520,24410
12530
9980
53410,44910,76530,26760,97630,10180
32380,47370,32860,95340
77110,7130,39190,44170
89510
25340
81380,3320,53140,82820,56360
13700,98310
33960,25770,80270
8560,83560,2220,47170,52140,38860,98100
52400
13320,62000,45960,15200,78340,48020
72440,83610,18660,19440,84730,66470,4650,63920,51620,27910,63490,98970,93010
34920
87000,85130,42940,24870,74690,47930,60840
38060
54670,93770
86120,58770,39000,75280,8750,42320,85890,41820,5480,44930,81290,21670,64090
87220
47130
66550
10650,36450,43370,79510,410,14350,58810,34210,77830,23670,60730,64010
42420,57240,68180,41760,17920,91810,62890,77950,27140,47230
28880,19180,11450,41140,39080,47480,20540,61300,85340
63350,92460
10210
76560
34390,48210,34530,42100,85650,99740,72420,68400,33910,80560,17390
69900,30900,1530
61010
1650,15880,19760,32760,74110,10700,94460,66050,49580,96530,58200,19740
54130
62550,85990,79790,73110
57870,46140,57600
59130
31300,94740,78680,92400
35240
97650,99570,27030
23100,53640
51160
95210
68610,22310
49020,84850,37080,62130,4220
76200,66520,69530
65530,84790,10410
37520,5960,64260,2490,84330,25010,64530,87290,49430,11150,60710,42720,89910,69570,51730,31030
6110,93260,29570,33820,17100,72150,22690,7890,9400,41060
82110,5930,29020,71350,83960,94580
41310
43720,40010,8610,6130,53270,18620,74250,14890,23630,83500,46160,53200
11930,36680
81070,19240,48870
62380,47520
24290,55160,97310,92890,70970,7580,76050,89260,96390,59690,12630,95060
96030
25380,42880,24850,7050
68190,2510,33880,53340
91790,55890,53150,89090,69040
89020,85190
8270,32390,84370,43500,11910,85490,63190,79330
23950,62490,89420
14430
34420,20400,54120,46180,82260,16190,88840,57780,60990,25410,31280,57320,9140,88500
39710
53310,74040,58300,83240,78590,40350,57470,45710,85700,69390,75660
38270,87630,83300
51210,43860,88110
96980,63800,56880
93570
48450
18550,65000,21290,95630
85750
12120,85540,20560,27160
30820
26820,11920,66240,59890
32470,50270
33700,23450,31200,32440,88040,26060,3770,62110
9850,88670,32750
37330,76170
61860,22440,93970,17060,47980,1610,45040,2570,2060,40060,74220,9260,92110
97480,23530
75960,94470,7860,17330,22500,11800,85140,64660
67750,60930,46170,30800,23770,61720,49450,76780,54360
72980,65060,15260,84160,77450,22450
81330,54870,28240,67920,19050,89410,95520
95050,65570,68940,20550,40280,82090,98840,6970,77320,66800,14730,54380,37430,32940
18480
92040,2810
73980
15370,68500,46670,78970,49270
22580,95930,69100,45050,85840,29070,89890,57060,98260,23800,52370
16710,87720,66440,46210
70670,62820
21330
74000
36040,86770,80840
29550,38920
64430
54170,65190,76840,92270
54880,76930
32980,15280,15270,74210,78300
35580,90140
68040,14950
62500
41340,96610,44870,40380
11090,51870,19880,58950,7650,73560,22640,12410,21080,57880,45760
44590,8800,56620,97470,20100,35960,77700,4170
41120,48680,33250,46510
50260,91660,42630,12780,33470,98050,45670,29310
33900,35120
39130,69890
26270,38550
3630
13070
95830
63200
40820
83900,66280
96900
64490,17740
6990,56310,42170,11030
84930
79730,97190,4280,95740,6290,99460,94360,72650,68840
31620,6400
37250,59370,2390,81440
51900,94870,3610
1540
70600
17010,77940
58980,59480,77440
2700,46860,92860,74810,48860,23620
33660,31230,24490,87450
13770,34230,61650,73880,67950,78210
85080,59900
28610
68310,2970
98770,96060,97000,75850,3280,26160,70270,71430,31680
56580,79650,45510,27330
5250,83180,31220
98380,64050,16730,4870,39860,34680,9210
50920
60940,8860
2470,99000
10620,75340
89760,36820,11880
93910
72950,57410,16570
43380,22140,13260
7040,88160,29210,37710,31140
37060
18850,74890,73260
55500,67740
44580,38250
45810,1980,91690,28250
5360,38520,7200
47110,38210
89690,52720,48700,51590
61620,67770
44810
90640,77790,93820,69030,24110,45070,41420,46240,59920
22350
72310,53910
36390,75130,96880,38360,53520
17710,45300,8410,84640,270,63340
55870,95010,69660,54570,73720,40510
99170,33340
64550,90060
5910,65880,50360,99220,64280
40580,10340,5010,45970,36760,63250,11620,59980
51100,41400,86200,89320,31040
16040
9960,6570,18980,50850,1480,29110
82600,34290,86760,70290,76410,2380,30790,78460,10070,2080,12290
80960,2370,92810,97280,39510,51440,63850
61190,66990,22380,25610,27890,53790
96520,55290,450,99500,42590,72250,54300,62610,57950,63880
55810,30270,99470,83160,48550,19020,20150,55340,15070
94790,21220,71750
84470
66390,54970,82290,61200
43080
73020,49800
21120,87990,83590,19400,19490,57740,2010,65790,49740
90980,16410
26920,82280,71210
53000
87870,85790,75640
80540,75830
75630,43340,99330,98900,16630
29590,67880,12710
79060,87250
71780,87780
86600
64040,44270,8680,82710,2030,68080
60580,16150,54930,20990,6360,39350,91760,17200,50410
64990,48690,92030,56650,32130,4490,8930,80850
26230,86840,55300,13840,40670
67060,20250,14790,12200,62230,20600,98160
7180,66400,19320,32890,39090,98270,7160,76390,57560
5070,20870
57960
22030,78850,21760,76640,16760,27290,54600,990,46780,10990,18880
56160,2050,76620,94800,86740,32330,92260,70630
56890,98820
36870
73950
21490,23660
21980,16500
32570,68900,48650
92680,74560,8810,57750
47310
41990
95300,77100,30660
92470,87790
71320,65920,47740,25580,52680,34780,88640,32010,2600,30430,75410
25180,75420,42130,24900,22260,77380
25420,11420,45440
5510
86270,22830
86900,46250,82690,36500,70280,0,53360,94200,82120,6800,95500,17860,84670
5760,24160,63670,65210,84180,39500,56050
63890
48320,36540,41930,21370
27020,72190,84220,51890,18300,20570,27070,21200,85570,56700,27980,9650,69540,59170,72230
61540
82840
73510
11360,15450,46840,54750,93170,55150,67140,57760,35160
62870,1660
31950,42330,32050,44750,93000,69280,24370,49890,66340
14340,86680,51310,44250,11470,33000
9190,9350
14160,93840,83550,89530,50200,74050,10900,25430
99310
75430,97820,90280,57930
79740,55140,63830
4290,78580
14270,25100,39410
31890
61290,50640,5750,14740,25620,4830
47890,42350,43840
47200,18020,1320,80040,4330,6480,10910,93180,46540,43260,51580,34460,13180
97150,73710,96580
57530
36020,6420,18070,15040
62340,76250
2720
91340,54530,2350,65390,57190
43470,80190,44220,76300,2640
88710,23290,90000
64580,93990,27510,79050
41720,42950
24800,79850,67820,50110,34520,65490,34550,68830,67010
62290,8990,65310,10970,6200,37140,67190,93350,12770,7250
91420,31510,64400,12170,83360,15100,33640
99180,70770,7460
81020,90420,8030
86180,39670
15960,90360
87330,42500,6810
90050
19770
35970,48660
28320,73740,79760,90410,41610
22430,7430,37650,27220,54420
60420
54560
15390
28930
69600,21680
24920,48940
84740,36730,14660,4440,80710,78320,74340,60780,47500,37830
66680,33720,13730,28450,9050,57080,94530
87440
21210
74020,21070,77340,64520,89430,64240
2900,14720,22490,63060,9580
82700,22530,14600
49560,67280,37590,84150,25300,32850,10920,75490
70500,77010,36810,6550,41490,11060
29340,98580,39250,63690,88960
59010,79570,55240,36420
80650
65290,7000
5500
90330,76810,18680,53780,11010,80990,71640,19060,3070,51290,15740,29100
93560,62650,36410
50870
48730,83040,97340,27360,78360,81190,64750
32180,75840,52510
53050
12520
73060,86320
30010,3890
88480,63180,480,26380,98390,69420,78390,16100,21590
24040
65220,16180
91780
32900
22850
94350,86240
28280,48960,17460,79290,35250,16390,91610,43800,93190,48970
82220
95020,67860,13420
79700
46550,70190,36920,78470,68450,80800,8360,72180
55700,58670,39830,85900
16430,63610,56440,20040,2560,70920,65330,58880,24400,38150,15300,2000,79390,87660,5270,53940,99040
5870,97360
33160,37450
50390,27870,78660,30080,12240,23960
38010,56220,89370,29840,82610,17950,5610,15110,36580,83630,66190,20090,30360
23550
48060,20640
9570
920
46710,19190,38580
34060,88860,79250,84700,35510,56970,17350,68020,15840,3430,75950
41920,16940,39720,780
2620
88660,5740
23740,95480,75140,61140,55180
88000,59580,15870,7300,17430
51970,47070,40410
21730,52740
37910,31980,35790,46930,12140,97330
67630,68920,9410,71870
27200,96130
71920,85630,39740,93660,70390
26880,54020,83600,48830,81010,21570,34930,40080,91840
4970,58330,65960
48520,54950,69230,37030,56920,64810,62250,92570,23840,15460,80950,53220,31130,52320,81600,59380,53980
70440
88210,49440,69650,98650
15250,59940
95510,86620,2120,89230,81200,860
76280,87210,28080,18430,51300
51410,8170,10310
46610,92780
96570,83310,97800
25660
8780,50830,18240,80490,88330,91030,6900
95960,37700
81420
86490,76070,72130,18160,34900
44500
87500,38100,4100,62030,36720,26730,58280,31700
20980,120,47950
57050,2890,80240,85600,46340
37720
51010
88990
27720
97170,20810,51420,63420
11290,62960,63470,96740,77410,24390,54640,45720,17210,96700
78740,6510,4000
88020,52180,50,25550,92550,59740,39730,31560,61100,13560,45920,80470,81100,77530
32420,29930,11630,98220,16460,12900,17250
59540,59660,59040,80820,25740,7420,70260,35500
47490,5940,97500,18540,29270
43350,8340
60100,27960
61800,78860,97720,4130
47970,7440,92540,5790,25720
49780,59350,53010,33830,7330
47090,36240,14910
69300,85450
49460,90190
73730,69850,97100,58030,93510,26900,17080,81680,6960
35350,98790,51530,18260,66640
52590,95990,55260
77610,93590
87930,28040,23210,35470,55940,14750,8090,96100,74090
85010
28730
30930,24480,31340,77880
16610
60920,40230
98430,94280,20790,55820,4960
26610,37550,47710
61780,18530,31610,64880,56400,71660,67420
44670
29140,18050,15980
11730
95820
42440,2630,49830,29880
73760
82510,78520,13810,69410,32230,7560
30630,30230,59420,63530,25390,13800,33270,93550,610,21460,20590,32590,5340
62800
82500
92700,5650,31250,71950
75110,90200,41870,54610,34820,11640,3510,49730
77150
2150,96210,77900,90930,60800
32610,14410,5260,95650,62920
56820
84760,32620,53650,5720,80210,50700,42450,61170,49280
92870,23160
79890
53890
41730,12020,52500,41070
55070
33100,44160
56350,95330
52440,89400
17590,85590
84480,69760,19130,38620,64980,93110
42820,49500,88360,85170,3520,90300,63480,51880,11260,94520,29380,30650,590
77710
62040,73900,41380,50300
29420
18900,61440,23970,14020,5370
78630
46010,72340,57230
60530,76210,9220,54220,75880,8070,42020,50370,75160
89340,86970,28180
44970,8700,67670,49400
78120
68990
96400,96990,50560,77690,70890,18870
74780,83050,53820
22410,60030,13780,13670,19290
72430
41300
56530,13240,76120,20230,55840
31880
38960,69800,47830,16800,76230,65230
90520
16540,6160,82580,14110,83820,16070,79560,54140
29400,48950,9030,6030,35770
26020,8250,94770
83510,26710,42560
6440,35560,1760,78710,44830,380,94310,72610
40140,49990
17610
82370
88970
45880,71330,49790
92920,76660,38470,81900,20200,45230
98490,17690,45940
23470,49880
59150,54000,90560,38710
89580
35040,19460
91210,61990,55540,29630,32960,14130
21580,36950,17190,37020
72620,68820
22080,33240,65340,68260
49210,44100,1590,47360
51860,42510,76140
4900,86420
52960
89470,5470,73240,87880,61350
37670,94260,29090,87690,21150,56410
76950,77140,31100,65600,71650,52700,90820
52130,81650,330,59030,23790,78650,48350,1890,10460,46850,27500
35720
93310,22710,76940,21170,30000,24380,67110
3340,89180
86510,29290,50600,15790,52210,59190,50140,5850
68380,24440,84200,89000,99030,32780,93080,21350,99780,630,83430,1640,49320,58740,84450,93070,58760,6930
96310
6940,18010,50450
70840,33870,66690,76160,48670,58730
74710,44360
61640,43180,45850,24080
17730,18330
57460
30310,58220,6340
90340
73990,77870,72760,87650,79550,6950
6470,89280,44980,29560,18590,1360,77580,40640
31780,35740,26620,50240,85920,91870,80280,76350,45370
58830,45290,89630,4060,91380,34000,99560,22370,32910,32540
61590
98510,74350,38980,40360,4240,72400,65850,52900,63120,40560,19750,81730,18810,16720,36400,52350,72560,13870
45770,62560,76540,94900,5490
52970,36910,57330,41590,12360,29670,28800,52450,61500
18700,86860,99930,15320,81580,60970,8480
88320
32240
72920,33300,3010,73010,8570,2940,49660,88170,81050
61940,65650,78370,45650
60770
47280,95640,74650,81540,96010,54340,49570
25330,66130,31420,72240,35310,66970
21550,42650,96500
82440,22620
62210
35730,65400,79170,16270
4360,22760,81000,46050
45820,28760,85370,42660,67700,44520,47960,3060,45540,71610
39640,30850,92050
3800
89640,32160
28130,69460,33050,75520,79710,5120,51130,88050,73280
51340
92130,17970,40890,95870
41960,9480
88610
82560,41130,35220,97120,36330,54790,76960
23830,39770,72720,37560
9340
19590,66600,75860,56120
72900,59820
41900
15170,40570,72200,25940,55250,74540,78990,67510
50650,67530,68000,91940
6910,1250,48370,6670,5920,6580,39420,94650
13140
94300,73380,24600,86560
32350
58460
21470,150
66540
66360,81270
59360
19860
95610
31150,20710,87190,64410
37210,75030,66230,77560,91280,40310,49620
21380,86780,75200,68130,32340,61330,66450
14770
46280,71080,26320
71270,87840
18610,18600,57390,63870
73350
53170
86500,27260
51650
81430
15820,35640
40840,42490,51930,27670
79930,26180,26350
9630,43740,43140
87890,96300,17120,74760,44330,7940,40950
86870
96340,20740,470,27900
42380,36620,10090,45500,86610
54070
38290,21650,28390,67710,47300,55100,91580,24090,74880,7140,86280,15190,96070,19330,28590,71580
48140,76220,23420,31600,30480
80060
98860,50950,28420,28750
50330,10750,18760,46890,15400,47010,38630
1950,35280,42930
76570,9710,12440,3390,81550,74150
23230
12190,32070,95030,15230,93140,13440,97550
36430,33940
27130
34250
8870
11390
42460
26470,17520,21450,94610,90,11170,95940,28540,51200,40,33950,46470
64970,33080
80730,36350,29810,6220,26260,84280,66210,24530,9990,12810
34670,29940
23090,40370,54900,1380,57640,48810,64120,69050,87310,65260
63040
1210,880,89030,28260,57040
110,34370,64940,21110
16880
69920,96260,14930
77510,67780,28770,5660,93060,94840,40610,84250,56670,74590,64630,43120,25110
24550,14640,48010,91170
30180,68230
40920,85030,78060,55310
6880
28660
66770
16850,70230,76550,8350,48750,29180,84310
48790,77910,30990,46190,67360,26850,32360,98710,91710
94000
25530,98000
96430,27410,77350,98290,16340,19820,18840,34300,51680
89770,87160
24240
54260
61910,930
86050,47350,85090,96230,31410,49200,40500,77740
49060
21400,47270
76900
55480
16090,27540,81820,14620
88730,65940,48540,55170,6850,10230,50120
78910,8310,94440,26750
17230,78190,70800,32650,29780
71630,21010
61730
56320,56980,19200,54630,84060,50100,46830,7540,39210,29920,34620,74080,49950
4600,90730,7510
18360,55490
55060,1350
31650,73440,2340,80720,58590,62010,4640,33670,87520,45790,96190,29480,52910
76380,53240,67540
30250
81510
26450
30540,18450,15180
40960,86430
16840
13940,78140
57500,9000
6260,67570,69240,8950,80230,38930,80680
24430,68170
8600,75500,34770
43770,31440
94710,86630,98060,73630,35130,61890,91540,69380,16790,16700
18730
79770,70020,89850,84550,97790
86260,60830,87980,17990,32480,27240,35760,77060,94570,8590
88070,71450
44370,15530,53180,35890
88920,77130,68870,2040,23220,69060,40340,52850
67080,57090,89720,83830
8120,11820,87670,63230,12110,15710,71400,53450,87130,75550,96960,90630
7380,55520
42800,90170,43650,58610,24460,7530,47180
79100,68140,98560,81300,74480
20820,22010,90840
18080,99590,88830,53990
81890
20110
92500,86730,37090,66120,83020,24820,74530
73100,68120
30760,10550,37510,28480,32800
79350
97490,81360,5290,70900,13500,5400,27920
67720
33980
85720,12280,25560,46260,39900,45610
62520
72630,59120,53210,43160
68530,52650,97220,57620
63390,32090,7150,45430,16900,54490,8150
97970,40430
13450,51110,73210,18310,89790
85640
14850,93040,8940,3740
66030
22320,2990,9560,90010,51540,66880
48090,64000
30500,28790,67830,43100,11700,78050
200,19470
10510
28550,86670
33090,11830,82380
78100,48150,17620,43190,98990
13720
19870,44660,27640,55530,51070
13020,16230
54890
88150
68320,54730,96240,16620
40740,80790,61510
74830,71250,23730,20500,60760,78180,13530
74140
99970,58320
43790,99050,66020,38410
53840,34850,31740,72500,47550,65080,49390,82050,41190
94070,62830,18170,63210
31160,40630,41680,90690,32490,83060,83410,72470,37760,21300,83340,93630,21810,82160,84520,65670
92370,64100,26200,4990,95110,24180,16680,13230
91930,44900,98400,20750,77230
44140,16480
4050,63030,72600,39260,97570,26940,18220
29540,59220,78230,79090,680,80110,49490,32220,16420,43230,46130,27480,86310,54720,94910,72960,97010,34050
34650,96680,50550
88940,23440,28620
80910,32270,20210,54800,65510,57310,69740,57000,94210,87860
19960,20380
54910
33480,2870,37860,46720,72490,76180,83730,6700,39600,41660,39470
49090,38840,73940,4890
37790,25890,37120
89880,82240,51020,4180,41290
47000
76830,25860,19410
75970,54160
8790
12080,55950,12420,26780
86410,59550,5310
46560,65420
62710,13270
23710,58180,45890,78130,97260,10380,8200,71830,65090
34080
63860
51090,71690,91600,36980,24740
98120
95910
80600,25030,93460
44530,68950,9250,6640,97210,24780,7740,39230,93530,11740,78170,2670,91150,38280,84660,7980
69720,73520,55800,26690,44850,1200
60210,1880,85670,30490,56710
11540,51060
20310,48470,79280,49760,4310,63140,11330,66000,50340,48070,65690
40770,18180
73470,36150,20260
32770,70730,67290,78490,44260,70660,47140,25760
87750,67460,18110
49290
88820,31790
6720,28360,59770,58350,86390,3670,41620
64920,6630,13300,9230,19660,55010,45830,55590,15650,25910
95660
97580,35980,67760,89490,18940,27790
81940,95460
15970,55230,78980
92590,92160,93440,74510,81560,74440,31640,31270,8100,99320,99290
21880,7640,84690,52730,49900,72270,56080,63000,3490,77430
47450,36960
25800,94270,84800,7370
88250,13470
31360
97200,48230,91630
67930,90670,15640,32150,65980,3170
88760,9540,4540,52940,71910
4730,37890,20440,84560,90760,75580,41560
75710,48600
92250,96820,57250
28780,12980,59590
77120,94010,27680,22770,62050,6750,70360,41600
5810,63560,68560,91970
73320,4190,71060,26280,16990,77990,10040,50280,80180
52780,88530,81800,36710
48280,46070,10190,80740,50320
65470,19910,20580,30770,89300,72700,97610,37500,21850
90530,2230,51480
67900,87040
21050,21560,87320,59950
18630,27350
2790
39790,73360,39200,92670,6540,29320,87270,98080,16550,4010,31540,58600,68440,8060,82950,47700
9610,20020
27860,92180,37920,17240,89270
17530,79980,96170,86810,84170,14510,18370
87920,58020,97980,16530
20170,25680,50660
94160,76000,19380,26960,88650,20630
39610,22610,42860,89120,5280
44200,65970,58370,65990
13850,30510,86290,17400,8770,90940,20470,79180,30100,72670,55660,46500,68720,14310,81880,61600,12640,50470,70030,220,4940,73920
86360,61080,13570,70000,13050,55270
41910,55720,81770,4520,85880,78600
74860,1450,6590,34310,49860
27520
90810
85460,28140,4740,63570,50430
77980,24670,29050,82980,38610
29770,36270,16370,63820,21360,6270
15990,36550,51190,9910,59300,77750,95080
22420,35190,47810,3180,71440,44690,64710
49810,23410,11040,19430,26120,97030
43200,96970,56290,45240,64930
91770,21910,24660,13000,47470,72330,44510
77260
57440
39570,89010,48560,8690
37840
39850,62140,51450,59760
47850,91190,92520,18860
6770,89550
870,23280,67610,18740
76910,69930,84110,9320,50910
72460,85320
21690,79950,9270,65930,4980,52580,39340,27800,14230,2460,90750
79580,40250
25000
21930,94540,27050,61770,69210
34150,11220,97060,58340,85560,62240,78280,64160,49310
28460,54830,70310,15690,58910,67850,62640,47880,7720
85120,81090
78830,7220
8420,10720,60740,59960
18200,7490,9860,46750,14420
71090
19350,8290,60890,80690,8240,14300,5590,11380,88930,38090
67410,69470
73860
32430
71300,83460,73890,21060,71470,44070
29800,70640,80440,74680,43360,90550,61410,38430,61810,40860,53020,56090
28870,67030
16440,84070,77670,56500,63160,32530,61740,89680,5080,22280,62730
15510,34490
13360,48170,87940
3420,76490
55280,76020,90220,19810,95130,26550
14870,95350,29680,79340
19160,93390,82210,6170,37360,45250,34740,16580,86250
79590,38390,48360,5680
12450,33500
99380,22130,15600
77590,26830,13220,41100,10320,25360,59460
37740,95170,22630,2410,4800,43540,23300,62860
93670,9870,80640
92410,28950,84880
33420,39580,1670
41370,17600,61430,89840,39870,93810,19300,43400,77180,16590,51910,95530
67500,55830,44320,91670
29660
9730
37820
60360,32920,6760,7910,83950,68570,39040,61040,95690
3580,90720,85360,34170,99730,24330,37220,39590,81700
50960,560,59650,45910,69980,8160,83400
67400
99710,17570,98250
95400,62910
96370
48130
96180
41950,19950,45380,91300,68510,59800,85100,74940,50940,21720
61400,97670,50290,7620
60000,70720,99200,85470,950,60140
86530
25590,24510,55420,18990,92620,91260,67000,3730,45980,39290
97160
89980
15940,81520,86150,46080
91160,80050,13680,99210
45000,48310,45310
61690,24690,9810,74360,65320,28290,96790,18140,64540
75780,27270
97700
74740,41110,11180,37440,89940,59880,81140,22550,4670,87400,83620,38120,99350
80290,35900
58990,1580,45460,9450
18460
34120,58640,19270,99230
97090,20960,79780,49710,83990,16220,47220,14290,49590,97420,28270,37690,81990,91130,28510
78790,22060,59630,76700,16490,77250,73870
29520
82310,52490,3360,44230
12470
56660,40590,17220,97760
46090,55430,46620,15050,83580
50720,3160,60620,17340
6050,41210,48510,88560,68340,88600
54460,56370,95430,66950,55040,63280,47630,84190,76580,95810,29160,37730,65950,36890,21440,34890,79210
98070
48340
66700
93210
10890
76420,49340,18320,60130,25090,39160,23110,94850,24360,14920,65520,78610
9740,62450,77270
30920,3440
80030,63900,74720,80250,23880
88280,62220,28350,59260
12050,48190,80480
54680,95150,79920,18120,68100,18710,52030,49910,24710,32320,80080
66260,66290,54150
8460
94880,20940
42890,95230,27110
44010
1620
17880,47440,12580,63050
75920
43680,300,43150,16020,5420,81040
60,18820,54050,19550,80300
89140,88200
75080,1460
93790
89860,59700
7710,98480
47780
47610
21510,99280,17750
27060,69950
10940,59570,13330,92420,65890,15570,7280,74270
43920,54940
15410,72170,84920,85510
23500,98410,74900
93270,39150
54280,94250,10830
17810,76130,46330,1090,32560
82190,30150,41830
13290,62570,2210,49370,45620,98730,17450
88100
33360,89170,57150,34830,75320,66080
64180,79150
60060,19370
57680,71710,91410,88380,42010,77330,16350,42200,49520
37370,59990,36880,98190,11230,49680,12930
45550,11580,31870,26410,67120,24560
8390,90920,27760,58090,91730,99430,5690,99550,49220,10530,29860,52980,13030,44020,35180
68090,25730,91070,39390,95000,10350,75270,80660,68060
10300,65610,18490
44300,19360,88290,83720,34020,57520
23050,7880,41550,92660,95890,76260,93220,17070,43870,93280
32600,25160,23320,94040
20320,82830,60340,83140
63010
82920,32300,16080,1440
29460
67470,28300
91570,99110
3040,33220,90860,29150
56390
4560,84430,20450,82680,8920,44680
31260,30210
69270
14390
36300,95090,53740,9490,57490,26930,31910
31940,760,5570
93960
77070,7610,31190
45580,25850
8580,43290,92850,25060,23480
91620,38650,19780
69810,44420,81740,58250,34180,69170,790
1810,33550,23340
84960,64460
69480,78240,51750,33840,12250,63950,73390,57370,3470,10420,15700,73700,84810,30030,64610,57590,5840,26050,16320
24700,50890,20360,36060
81590
73930,15440,32810,2200,78090,98180,58010,29900,60540,32820,10630
97990
28050
90070,66760
89110,40210,11430,68370,20530,61760,67150,75190,13550
360,14180,34990,92000
34610,54470,2740,34200,85810,68330,53540,74600,23780,62620
61340,31710,650,2780,39620,80260,75480
85430,9880,64420,77960
25810,97290,60110,69940,59860,28490,54840,22290
54110,42580,42160,86830,59020
85660
57450,22390,75090,70490,13170,57550,50980,83780
2320
77930,88550,81910
12000
65070
62680,78770
23860,81370,68470,69640,66850,43220,26680,28330,91720,62190
82860,48420,38130
33010,66060,1720,44720,33330
68420,50010,75570,73130,22090,31500,15770,11610,88790,67840
49630,94860,75230,83210,750
99480,96420
85760,46630
46110,80570,12560,87560,30380,77480
95070,84090,57910,64680
22560
51960,15900,17850,12330,60270,79670
34070,54190,53700,46430,70210,1120,97850,82450
55090,12370,77160
3530,85520,45740,25130,42840,83660,53380
82460,1910
85300,58860,83860,91460,96110,48500
59100,3680,53750,19510,74670,4780,97590,50760,57350
99690,57130,14140,3930,43330,55440,77170,10770,70650,28740,68660,76740
22730
57900,71890,30020,30120,11760
54550
37050,39010,46420
90150,62430,63930,60440,87760,91700,42280,5440,53080,84820
62410,1750,5240,81920
21830,42830
3690,60680
75610,68430
1990
12260
35990,92480,91980,68750,92750,38640,75010,49040,88870
50130,31430,1920,70940,26810,10330
42690,45150,19080,97270,31400,43730,10470
69490,33920,52050,13980,18890,35880,59280,75680,43760
8720,8230,39440,16910,24140,22330
78020,49850,12790,65810,64720
65240,69620,29580,54400,74230,45100
34980
55860,57650,19790
74950
37880,25140,81610,21040
91330,89780,48840
12350,61580,64950,84120,32520
58210
25780,79080
51150
56450,10760,140,14380,57100,48460,31380,79360,17370,33930,54980,81280,5200,46230,41030,61880,74100
1790
72390,58110,50520,11000
87120,98700
48300,52230
32870,10980,27620,6730,2850
78840,62880,11490,89500
30970,91850,96830,45410,59970,54520,15500,12850
10610
27280,95220,67620,49530,29410,18060,50810
89830,79910,74120
56210
29620,65780,74800,5000
74970,48260,72880
18970
94990,61660,38990,42120,69440,2420,53280,25980
13110,12600
13640,32250,35520,42550
24940,20370,31180,34870,60550,4950,73830,29240,63730
4300,34260
30390,9670,25040,72790,66350,63840,47330,36280,53510
79830,8110,32450,99700,44890,46640,16820
28410
89960
46940
40120
40050,24880,52340,24210,72890,61450,84260,9290,19310,71770,25540
31290,51370,48590
35390,62540,56240
9940,10450,69140,3570,73690,12010,40600,96550,74030,81110,37110,41470,63500,73580,74750,34950,20830
39480,32950
9310,22040,85850,37970
80860,71800
39460,91180,49750,86030
60500,86070
14670,94150,73120,26220
39810,50540
60630,99100,42090,75810
50580
64020,56990,7100,41840,46570,31010,99340,30560,35270
7600
24890,90740
48740,78940,8490,47870
79420
79620,83120,77300,67910,89440
27940
41790
38050,32020,33650,79370
8500,66430,86080,37170
35810,27950,1600,34040,58310,83680
63760,44480,36600,8190
61560,79240,60290,13040,35750,60220,77420,75120
1930,33370,89920
10540,96380
53770,8640
4620,73430,1700,61870
10360,38560,93150,71460,90130,40330,85860,87050,3560
30330,25950,56680,58540,17410,76340,97740,93720,82730
55320,7260,46150,30960,85730,27840
83030
33450,89150,5430,39980,58270,41530,31970,63630,14590,56490
97730,22720
47340
48780
3400,50050,7480,58630,32400
82180,78290,54660,69880,91270,65800,33150,68070
89240
69330,69750,16660,56100,75690
50740,37230
55630,15480,80140
81960
54590,9100,10810,80870,18190,19260,47290,7840
12830,9600,33120,21090,81930,8670,46990,40990,83420,88850
17490,41330,14170,67940,53400,42970
82040,60070,80380,56280
26150,55450,41710,74280,7030,92610,56300,32740,79480,43780,51120,94920,64190
75250
79520,79500,73290,64600
80590,600,48000
9180,40400,22750,20060,45780,31170,84490,8450,87680,38750
5160,17440,53630,83540,93500,12030
30750,59810,41690
3050,19580,30520
69910,52820
61630
440,91230,52100,50860,21620,25750
51080,96360
23650,32790
15860
24020
10280,91100,85410
64350,43930,90210
97920,44490,81620,33210
15550,86330
79220
43410,85870,34030,89750,80100
400
58400
35170,39840
27460,42670,65110,52750
31830,93540
72220,35320,2840
2180
14320,95440,45660,28890,42870,67560,11520,88800,26290,66090,52710
43570,38230,8000,33780,17110,91800
89210,34280,16140,29600,75020,90700,16380
35650,62120,72750,25970,94190
81760
10710,33760,67430
2250,10060
29220,42570
41230,94970,99810,8140
54270
88080,92240,38800,22920
66580,13860,22660,57480,51740
49380,76980,4120
23560,78810,60960,510,31310,82570,82900,82230,57380,33040
39330
93330
94560,85800,75620,80550
13090,9530,74180,28000,6560,19720,14560,84950,26040,88720,5560,32830,68410,18580,86980
76370,24720,95710,48580,1550,74500,8180,5180,22020,79860,89330,33730,70790,30890,56150
58100,28340,13820,58230,10100
63720,6490,97510,44390
74850
37580,26910,37810,12730
88520,83380,18650,72730
3230,4030,93250,23130,31350,74610,52890,91000
63740
580,5600
12100,56330,25080,98680,73410
92300,44860,91750
58700
38770
92600
97870,86090,82650,33440
84900,98850,78070,74060,4380,71310,10260
10080,65640,17480,44440
51180,90260,46600,92200,36970,87550,66370,99410,19100
56260,22590,1390,50730,26460,9060
2020,20270,96280,98800
57360,94020,66180,97070,85390
33430
1260,17470,29440,70370,55020,57300
65270,34450,33850
84440,79460,99640,61820,22520,25200
36000
66410,31670,47800,83940
69860,82890,47100,57420
28820,79270,81210,91440,53300,53920,23990,17630,75890,45220
23250,10860,47730,